sensor_id,latitude,longitude,name,date_created,in_tx,in_dataset,outside_label
262701,30.27745,-97.72088,CAF_AISD_62F1,1738284293,True,True,
262710,30.205605,-97.789215,Odom Elementary,1738284332,True,False,
263923,30.737377,-98.29991,SaveBurnet.com - East of the proposed Rock Crushing Quarry 0n FM 3509,1738787834,True,True,
263935,30.715187,-98.335045,SaveBurnet.com - West of the Proposed Rock Crushing quarry on FM3509,1738787853,True,True,
263949,30.70613,-98.27122,SaveBurnet.com - PR4 - 2 miles South of proposed Rock Crushing Quarry on FM 3509,1738787884,True,True,
263973,30.706795,-98.325096,SaveBurnet.com - South of the proposed Rock Crushing Quarry 0n FM 3509,1738787932,True,True,
264387,31.804796,-106.55979,Sunland Park Racetrack,1738964542,False,True,New Mexico
2301,32.509113,-94.7108,Longview,1501266425,True,True,
2386,29.532282,-95.07647,The Lakefront,1501532274,True,True,
2768,29.408495,-98.4774,LIME Factory,1502474294,True,True,
2796,30.276873,-97.83731,Lost Creek,1502732539,True,True,
2800,36.4148,-105.577705,Valverde Commons,1502732694,False,True,New Mexico
2806,30.483,-97.8485,Ranch@CypressCreek,1502733048,True,True,
2862,30.366156,-97.76529,Lostridge Drive,1502742437,True,True,
2875,35.170044,-106.54009,Heritage East,1502742559,False,True,New Mexico
3033,29.955063,-95.73739,Bridgeland,1503509417,True,True,
3298,29.58335,-95.12009,Bay Forest,1505341873,True,True,
265884,35.092937,-106.5896,Pueblo Alto,1739980335,False,True,New Mexico
4301,29.853683,-96.52833,Freslburg,1510798410,True,True,
266465,32.995834,-96.725136,Canyon Creek,1740446176,True,True,
266477,30.306784,-97.388794,PH Farm Elgin,1740500359,True,True,
5020,32.91306,-105.52528,Stars End Estates,1511907638,False,True,New Mexico
267373,32.62553,-95.56267,CDS1,1740785000,True,True,
268165,29.669638,-95.10476,AAH Dave Alvin,1741358910,True,True,
268171,29.77873,-95.03287,AAH Caldwell,1741386516,True,True,
6752,29.71706,-95.30876,IdylwoodEastEnd,1517342572,True,True,
269366,33.539032,-96.586876,Sw Bennett,1742321947,True,True,
7488,28.01262,-97.09614,Rockport Texas,1518231883,True,True,
7570,35.56759,-105.85306,La Canada,1518299715,False,True,New Mexico
270066,35.636997,-105.9936,Charles Home,1742574598,False,True,New Mexico
270240,32.88226,-97.264725,Parkwood Hill,1742760252,True,True,
8554,29.811457,-98.61121,HCMS Well House,1520883565,True,True,
8562,29.8115,-98.61182,HCMS Front Gate,1520883625,True,True,
270722,33.400898,-96.59883,"Mantua Point, Van Alstyne, TX",1742999632,True,True,
271339,33.555355,-96.5822,NBennett,1743260638,True,True,
272875,30.41968,-97.60284,City of Pflugerville WWTP,1744211549,True,True,
272881,29.7636,-95.7079,Windsor Park,1744211555,True,True,
273507,29.399055,-98.51937,CoSA-EMME-0202,1744402393,True,True,
273535,29.40652,-98.53665,CoSA-EMME-0902,1744402402,True,True,
273547,29.423292,-98.51979,CoSA-EMME-1802,1744402425,True,True,
273553,29.417849,-98.43026,CoSA-EMME-0302,1744404084,True,True,
273575,29.36283,-98.48332,CoSA-EMME-CP-0301,1744404092,True,True,
273571,29.365046,-98.49354,CoSA-EMME-0602,1744404092,True,True,
273579,29.417196,-98.52541,CoSA-EMME-0402,1744404096,True,True,
273585,29.412245,-98.51877,CoSA-EMME-1402,1744404098,True,True,
273593,29.416656,-98.53718,CoSA-EMME-1302,1744659374,True,True,
273723,29.353403,-98.49552,CoSA-EMME-0802,1744662347,True,True,
273729,29.357466,-98.48836,CoSA-EMME-1102,1744662347,True,True,
274402,29.364033,-98.489555,CoSA-EMME-CP-0101,1744987715,True,True,
274692,29.362417,-98.48912,CoSA-EMME-1502,1745249801,True,True,
274720,29.356503,-98.504295,"56133, SW Military Dr &amp; Pleasanton",1745249817,True,True,
12969,32.991665,-96.85915,Meadow Glen,1531422346,True,True,
275214,35.181362,-97.43933,NWC Rooftop,1745423903,False,True,Oklahoma
275230,36.48371,-97.07115,Red Rock 1,1745423920,False,True,Oklahoma
275350,29.393457,-98.52581,CoSA-EMME-1602,1745446179,True,True,
275352,29.363108,-98.49177,CoSA-EMME-CP-0201,1745446181,True,True,
275386,29.427132,-98.44565,CoSA-EMME-1202,1745521897,True,True,
275756,29.41278,-98.53114,CoSA-EMME-0502,1745621638,True,True,
275762,29.419922,-98.520645,CoSA-EMME-1002,1745621643,True,True,
13737,36.183777,-106.43512,CORMK_Cañones Community Center,1532885469,False,True,New Mexico
276176,29.416826,-98.43784,EMME-CoSA-0702,1745879548,True,True,
276214,33.543972,-96.57945,E2_Bennett,1745942629,True,True,
14391,36.391396,-105.280846,"Angel Fire, NM",1533665742,False,True,New Mexico
15025,29.546413,-98.55403,RN,1536174061,True,True,
16271,32.882004,-97.08413,Arbormont Estates,1537884569,True,True,
279384,35.228256,-106.60815,Corrales,1747657306,False,True,New Mexico
279466,35.05562,-106.6183,Baylor Drive,1747659236,False,True,New Mexico
279842,33.214638,-96.939865,Lake Stone Observatory,1747839297,True,True,
280456,32.6153,-97.06244,Loyd Park,1748011226,True,True,
280468,32.63575,-97.04373,Grand Prairie Fire Station #7,1748011231,True,True,
280470,32.70023,-97.00805,Grand Prairie Fire Station #6,1748011232,True,True,
280474,32.75654,-96.95801,Grand Prairie Fire Station #2,1748011234,True,True,
18585,35.929153,-94.96466,Cherokee Nation Environmental Programs Office,1541527744,False,True,Oklahoma
280824,29.108183,-99.14532,UT Austin - BEG - Devine 1,1748442728,True,True,
280940,32.71137,-97.02061,Boys and Girls Club,1748462302,True,True,
19699,36.124493,-97.04415,Stillwater,1542655094,False,True,Oklahoma
281951,30.532576,-98.26912,Capstone Ranch,1749129779,True,True,
282252,31.775394,-106.44489,EHRA05,1749150381,True,True,
20487,33.157124,-96.360146,Farmersville 1,1543599929,True,True,
282756,31.872591,-106.54606,Bear Ridge El Paso NW,1749503481,True,True,
283882,32.894684,-96.811386,Preston Royal Branch Library,1750190911,True,True,
284122,31.774908,-106.41807,EHRA04,1750262369,True,True,
284146,31.747099,-106.39302,EHRA10,1750262385,True,False,
284834,35.687046,-105.93871,Architectural Medicine LLC @The Santa Fe Plaza,1750456760,False,True,New Mexico
22881,35.6653,-105.96892,3rd St. SF NM,1545083110,False,True,New Mexico
285760,32.43869,-96.99625,Hillstone,1751058128,True,True,
286082,30.130415,-94.39408,Bradshaw Park,1751372936,True,True,
24269,33.51593,-101.94548,Anderson Compound,1547069265,True,True,
288068,25.9347,-99.992165,CENTRO IDEAS,1752684112,False,True,Outside TX (unclassified)
288246,36.02075,-94.20786,3278,1752767041,False,True,Arkansas
288282,30.15146,-95.590614,Northgrove,1752858839,True,True,
288368,30.293093,-97.67366,COA_AISD_25B2,1752866808,True,True,
288378,30.318085,-97.65571,COA_CACA,1752866812,True,True,
288642,34.004642,-95.10205,Valliant,1753128366,False,True,Oklahoma
288660,35.260136,-95.09233,Stigler Community Center,1753128378,False,True,Oklahoma
26557,31.285906,-94.605705,"Huntington, Texas",1550077139,True,True,
288896,32.534904,-96.9811,Skyline Hill,1753284191,True,True,
288908,32.509834,-96.94387,Steeplechase Court,1753285625,True,True,
27183,30.287216,-97.73697,PA_II_DA7A,1550683441,True,True,
27395,30.285069,-97.73288,PA_II_D8B6,1550786371,True,True,
27455,30.285181,-97.734985,PA_II_0ED1,1550790150,True,True,
27519,30.28559,-97.73693,PA_II_0D9C,1551288319,True,True,
27539,30.279041,-97.72593,PA_II_0DA2,1551288559,True,True,
27547,30.283525,-97.73466,PA_II_0E47,1551288774,True,True,
27563,30.281025,-97.7371,PA_II_D727,1551288969,True,True,
27567,30.28941,-97.73661,PA_II_E6D8,1551288999,True,True,
27569,30.282122,-97.72687,PA_II_D44F,1551289015,True,True,
27573,30.277252,-97.73332,PA_II_0DA8,1551289281,True,True,
27821,29.77074,-95.370056,Test First Ward,1551480877,True,True,
27905,29.790651,-95.113846,Channelview Tx #1,1551713013,True,True,
28671,36.09469,-95.95382,Regency Manor,1552511890,False,True,Oklahoma
28851,29.73305,-95.58551,Royal Oaks Houston Tx,1552580564,True,True,
292305,32.8325,-97.51587,Arbor Mill Plantation,1755901181,True,True,
30327,33.3461,-96.35519,"236 County Road 5020, Blue Ridge, Texas 75424-5271",1554908370,True,True,
30689,30.28345,-97.72317,Blackland,1555517283,True,True,
293295,32.882015,-97.08647,Meritage,1756388497,True,True,
293473,31.062162,-97.50188,Sendaro Estates,1756439524,True,True,
293725,29.708176,-95.38064,Hermann Lake,1756871118,True,True,
293735,29.70695,-95.390114,Vantage Medcenter,1756871121,True,True,
293883,34.053394,-96.34821,US EPA CASTNET CNO014_293883,1757084963,False,True,Oklahoma
294285,30.355604,-97.78974,Karankawa Cove,1757475811,True,False,
294483,34.01659,-94.63394,Craig Rd,1757529826,False,False,Oklahoma
33087,34.154007,-97.11285,ArdmoreWeatherLive,1560277805,False,True,Oklahoma
33127,35.680393,-105.95171,Art Yard Outside,1560278900,False,True,New Mexico
296101,29.7668,-95.377655,Casa Quelite,1758553641,True,True,
296567,29.880215,-96.669334,RPC-Out,1758909541,True,True,
296621,30.557262,-98.26372,Back Yard,1758921411,True,False,
34835,29.302658,-103.17785,Big Bend K-Bar air quality site,1563384483,True,True,
36435,35.06074,-106.1962,PurpleEdgewood,1564677455,False,True,New Mexico
298845,27.626091,-97.29705,Mediterranean Dr,1760630327,True,True,
39123,30.460455,-97.991196,Lakeview01,1568651924,True,True,
39571,32.42492,-93.70468,South Broadmoor,1569521628,False,True,Louisiana
39617,35.09155,-94.64485,Poteau - Witteville,1569857028,False,True,Oklahoma
301969,29.797647,-95.46833,Spring Branch East,1764133919,True,True,
301983,29.90048,-95.24949,Dyersforest,1764133927,True,False,
302037,29.783531,-95.389885,Houston Heights,1764610300,True,True,
302420,35.473377,-97.48499,RED604USJFK,1764980189,False,False,Oklahoma
302418,35.472633,-97.48257,Kelham and SW 5th,1764980188,False,False,Oklahoma
302452,35.472443,-97.491425,Linda's garden,1764980330,False,False,Oklahoma
302454,35.473965,-97.478645,6th &amp; Nebraska,1764980332,False,False,Oklahoma
302774,30.718317,-95.18933,Pool,1765339906,True,False,
303238,31.797617,-106.23997,Chihuahuan Desert Climate Collaborative 04,1765605223,True,False,
305262,29.1424,-98.808624,Natalia,1770478061,True,True,
305450,32.715767,-96.756905,BABYFACE PLACE,1770659267,True,False,
305868,31.839409,-106.51555,Borjas,1770831923,True,False,
306176,35.166103,-94.284225,GreenwoodMM,1771081371,False,False,Arkansas
307504,26.177006,-98.17034,Iglesia Poder de Dios,1772130845,True,False,
46237,29.70283,-95.443855,Braes Place 1,1579132136,True,True,
308414,36.396824,-105.271255,Angel Fire Community Center,1773375400,False,False,New Mexico
308976,29.786112,-95.341774,AAH  Brewster,1774385999,True,False,
309512,35.72168,-105.89391,Santa Fe-Old Sunset Trl,1774895804,False,False,New Mexico
309514,35.721645,-105.893974,Santa Fe-Old Sunset Trl,1774896553,False,False,New Mexico
309790,33.087852,-96.62081,North Bethany Lake Estates,1775086122,True,False,
309806,32.463375,-94.72479,Air Dome Construction Site,1775164331,True,False,
309808,32.465244,-94.72521,LeTU Civil Engineering Pad,1775164332,True,False,
310050,33.33292,-97.25267,TXWeather,1775581276,True,False,
51821,32.86505,-97.248924,Watauga Air Quality 1,1586377876,True,True,
51959,29.797358,-95.48999,Monarch,1586466562,True,True,
53193,33.452213,-96.700584,Bledsoe,1587502368,True,True,
53365,33.05041,-96.937004,LISDOLA / UNT-GEO-16,1587599272,True,True,
53389,33.06212,-96.99123,Unt-geo-16,1587599349,True,True,
55967,35.226067,-106.64011,Corral Del Cielo,1589927104,False,True,New Mexico
56279,35.08653,-106.62877,Spruce Park,1590100337,False,True,New Mexico
59801,33.22398,-97.15407,UNT-GEO-24,1594934452,True,True,
59903,33.112953,-97.12128,UNT-GEO-32,1595282693,True,True,
60707,34.91152,-95.73746,McAlester Site 5,1596491089,False,True,Oklahoma
61011,36.145294,-106.08805,Black Mesa,1596751612,False,True,New Mexico
62063,32.74241,-94.94833,NW Gilmer,1598048968,True,True,
68137,35.764,-105.947,Theater,1599853763,False,True,New Mexico
68467,35.76624,-105.94579,Gaddes Hall,1600112301,False,True,New Mexico
69781,35.88908,-106.322495,Waltworks,1600533951,False,True,New Mexico
73561,35.09487,-106.48217,Tierra del Este,1601324882,False,True,New Mexico
76047,30.177912,-97.78982,Parkridge Gardens - Celery Loop,1601591526,True,True,
78309,32.751972,-97.36452,The Marq on West 7th,1602089178,True,True,
82585,35.634308,-105.88333,La Barbaria Trail,1602870179,False,True,New Mexico
85175,30.586252,-97.77036,"Parkside at Mayfield Ranch@Georgetown, Tx",1603481011,True,True,
86183,35.59156,-105.9846,Pajarito Peak,1603908088,False,True,New Mexico
87019,32.520557,-96.945,Shiloh &amp; Walnut Grove N,1604011932,True,True,
87099,30.489218,-98.21518,CDH HALL,1604012049,True,True,
87111,35.098682,-106.483185,EmbudoCanyon,1604012680,False,True,New Mexico
87485,32.516285,-96.90497,Bryson &amp; Shiloh,1604080758,True,True,
87721,32.96388,-96.63465,Garland,1604340337,True,True,
89379,35.158676,-101.83544,Amarillo,1605042225,True,True,
90785,32.81998,-96.466545,HeathWeather,1605652697,True,True,
91101,30.254564,-97.771645,Bluebonnet,1605817346,True,True,
91983,30.297293,-98.85778,Fredericksburg - Crabapple,1606170355,True,True,
92075,26.24315,-98.21607,McAllenNE24,1606235955,True,True,
93029,36.491337,-97.075714,Otoe-Missouria Tribe,1607381850,False,True,Oklahoma
93107,30.513874,-97.66673,Round Rock_CAMS 1620,1607465707,True,True,
94865,30.214636,-98.08331,Dripping Springs_CAMS 614,1608151473,True,True,
95481,32.495785,-96.96049,Oriental Ave,1608408094,True,True,
96149,30.231272,-97.87447,FacingStarbucks,1608743693,True,True,
96211,29.864767,-97.664856,Lockhart_CAMS-1604,1608744006,True,True,
96293,35.63751,-105.894905,Mountain Station,1608749292,False,True,New Mexico
96843,35.13877,-106.50773,Bear Canyon,1609278091,False,True,New Mexico
96937,30.250135,-97.720634,East Austin_CAMS 1619,1609281011,True,True,
96957,35.817,-106.209,Arbol Ct White Rock,1609281124,False,True,New Mexico
97279,29.743322,-95.23209,AAH 15th Street,1610556764,True,True,
97433,33.181686,-97.11399,UNT-GEO-35,1611166910,True,True,
98139,29.81888,-95.69566,"3623 Shadow Trail, Houston, Texas 77084",1611697562,True,True,
98391,32.1783,-104.4404,CAVE-Biology Building,1612203945,False,True,New Mexico
98531,29.847527,-95.28072,AAH Count,1612211610,True,True,
98633,29.705027,-95.15422,AAH Meadowlake,1612214191,True,True,
99171,29.84179,-95.28896,AAH Glen Manor,1612542619,True,True,
99179,35.395443,-105.945625,Galisteo,1612542639,False,True,New Mexico
99187,32.473907,-96.99008,Midtowne,1612542678,True,True,
99279,33.094864,-97.1461,UNT-GEO-57,1612543630,True,True,
99593,32.45916,-96.97078,Mt. Zion and Sudith,1612902372,True,True,
99595,32.636204,-97.149704,Everest Lane,1612902376,True,True,
99797,29.737322,-95.25296,AAH GP Manor,1613064171,True,True,
101808,29.620468,-98.53274,Greystone Ridge,1616179456,True,True,
102762,30.2912,-97.712906,central Austin,1617049513,True,True,
104402,32.719143,-97.353935,Forest Park,1618865754,True,True,
104876,35.89019,-106.04514,40 Camino Ancon,1619124945,False,True,New Mexico
105110,32.07596,-94.52738,Long Branch monitor,1619473373,True,True,
109562,32.502693,-96.99841,Jaycee Park,1624055261,True,True,
109566,32.576748,-97.008194,Singletree Cove,1624055281,True,True,
110162,30.444378,-97.76113,The Barefoot Dragonfly,1624399952,True,True,
111125,36.474407,-105.62876,Hosanna,1624915381,False,True,New Mexico
113074,33.35849,-93.60401,LEW5103,1625694488,False,True,Arkansas
113648,33.18787,-97.00863,UNT-GEO-48,1625868368,True,True,
113732,33.377106,-97.00857,UNT-Geo-52,1626109091,True,True,
118895,29.816628,-95.32461,AAH -Kashmere,1628539172,True,True,
118993,33.290825,-96.61884,Trinity Falls,1628545702,True,True,
119625,31.906324,-106.41056,NE El Paso,1628710512,True,True,
120681,32.97801,-96.97727,Coppell-N-Moore,1629146227,True,True,
121359,30.26691,-97.72221,Blackshear ES,1629327091,True,True,
122131,30.5106,-97.75505,Avery Ranch Sniffer,1629497991,True,True,
122907,29.987087,-97.86185,CAPCOG_Kyle,1629855701,True,True,
122917,33.09477,-96.88482,UNT-GEO-5040,1629856122,True,True,
122923,30.312178,-97.71627,Ridgetop Elementary,1629856513,True,True,
123001,30.678675,-97.67456,Georgetown Municipal Airport,1629925556,True,True,
123007,30.57915,-97.416466,CAPCOG Taylor Site,1629925584,True,True,
123009,30.108255,-97.29375,Bastrop_CAMS 1612,1629927359,True,True,
123409,32.686947,-96.73787,FloralFarms1,1630013333,True,True,
123453,32.73404,-96.792435,Cedar Crest,1630013416,True,True,
124669,29.468405,-98.76946,Talley Rd,1630446747,True,True,
125993,32.948624,-105.81769,Haynes Canyon,1631044306,False,True,New Mexico
126067,31.330355,-97.26543,Schoner See,1631054661,True,True,
127045,33.022003,-97.22522,UNT-GEO-68,1631322135,True,True,
127059,33.032448,-97.1484,UNT-GEO-7550,1631322183,True,True,
127103,33.08867,-97.3037,UNT-GEO-JUSTIN,1631326346,True,True,
127441,29.809729,-95.280334,AAH Kelford,1631582757,True,True,
127451,29.778414,-95.35952,AAH NN Gentry,1631583127,True,True,
128007,29.670757,-95.1453,AAH Randolph,1631756771,True,True,
128017,30.153257,-96.012215,Hempstead,1631757247,True,True,
128645,32.836563,-96.810425,Yes,1632171232,True,True,
130763,29.906267,-95.59476,Enclave at Castlebridge,1632867535,True,False,
130825,30.250307,-97.75918,AISD Becker ES - CAF &amp; Girl Scouts,1632867751,True,True,
131903,31.785929,-106.359764,Pop’s House,1633645056,True,True,
132703,35.35897,-94.40662,CritterManor,1634145022,False,True,Arkansas
133141,29.6531,-98.29758,Car-Farm,1634253901,True,True,
133634,35.173115,-101.933075,AMS Allergy Amarillo,1634673907,True,True,
133818,33.24342,-96.91281,UNT-GEO-1301,1634689034,True,True,
133994,29.741404,-95.33349,Eastwood Houston Texas,1634757940,True,True,
134304,33.443832,-104.515236,Roswell NM Mission Arch,1634854897,False,True,New Mexico
134442,30.458267,-97.809296,Harper's Park,1635189294,True,True,
135084,30.31899,-97.71798,North Loop Squirrel Sangha,1635372455,True,True,
135100,30.292566,-97.709274,Vineland Dr,1635372501,True,True,
136504,32.55765,-94.73392,University Academy,1636143296,True,False,
137302,31.76486,-95.65982,University Academy Palestine,1636584421,True,False,
137386,30.31597,-97.71333,TCSO-AIRPORT,1636664349,True,False,
137666,33.117588,-96.05107,IG Office,1636757500,True,True,
137762,30.40166,-97.95699,TC-AB,1637013155,True,True,
138876,35.63695,-105.98577,Plaza Rojo,1638218845,False,True,New Mexico
141412,35.698067,-105.89777,Cerros Colorados 7.6k,1640115591,False,True,New Mexico
142154,32.45638,-97.00684,Starwashed Dr,1641229512,True,True,
142600,35.819214,-106.194466,JeffreyPl_WR_outside,1641844552,False,True,New Mexico
142604,35.708576,-106.06241,Home,1641844573,False,True,New Mexico
143258,29.464113,-98.484924,Oakmont Ct.,1643058773,True,True,
143264,29.45708,-95.6638,13311 Lake Ridge dr Richmond Tx 77469,1643059396,True,True,
143398,32.227688,-98.22396,Stephenville TX - Isla,1643137924,True,True,
143530,35.56752,-105.84184,LaPosta,1643238564,False,True,New Mexico
143738,32.295547,-106.63077,Talavera,1643409165,False,True,New Mexico
144032,32.861404,-96.68724,LOCHWOOD,1643839434,True,True,
145372,30.5232,-96.24781,Indian Lakes Sioux Springs,1647631452,True,True,
146710,32.241337,-94.45149,Beckville Monitor 1,1649869376,True,True,
146912,32.45914,-93.72053,Broadmoor,1649967258,False,True,Louisiana
147038,33.00878,-96.80816,"Bent Creek Trl, Dallas",1651526820,True,True,
147390,35.299706,-106.4513,Placitas,1652377637,False,True,New Mexico
147490,30.882107,-94.98899,Colita,1652455180,True,True,
147751,35.70347,-106.07523,Las Campanas,1653501306,False,True,New Mexico
147907,35.640785,-105.92437,87505,1653667407,False,True,New Mexico
148709,29.77624,-95.10313,CELP Lakeside Dr.,1654815896,True,True,
149298,30.290565,-97.927925,Musket Rim,1655246917,True,True,
149506,30.66903,-98.07575,South Oatmeal,1655326622,True,True,
150840,29.440323,-98.48145,Museum reach boat ramp,1655945560,True,True,
151010,36.001114,-105.9597,Chimayo-1,1656108703,False,True,New Mexico
151486,32.77908,-97.346794,North Commerce Street,1656460646,True,True,
151522,35.085182,-106.59503,Zia Park,1656460845,False,True,New Mexico
151568,29.582073,-98.56895,ShavanoPark,1656461251,True,True,
151676,29.36873,-98.468666,HotWells,1656462222,True,True,
152302,29.45791,-98.59668,Ingram/Callaghan,1656716162,True,True,
152566,29.40569,-98.48297,Lotus House,1657060292,True,True,
155367,29.822277,-95.42584,Oak Forest,1658180336,True,True,
156335,32.91304,-105.5253,Stars End - DPO,1658435851,False,True,New Mexico
156485,35.342827,-106.53409,TWC,1658441372,False,True,New Mexico
156491,35.34317,-106.558945,SADNR Shop,1658441456,False,True,New Mexico
156533,35.343575,-106.531044,Admin Office,1658441990,False,True,New Mexico
156673,30.18931,-97.8702,Circle C WF Park,1658524647,True,True,
161003,29.585194,-95.45126,Boot Ridge Rd Tx 77053,1661982803,True,True,
161015,29.574024,-95.52899,Apple Dr,1661983149,True,True,
161141,29.55004,-95.68345,FBCEO Greatwood pkwy (GCA),1662061135,True,True,
161159,29.57438,-95.584496,FBCEO Austin Parkway (FCCSA),1662061150,True,True,
161237,30.556028,-96.01281,Anderson - CR180,1662476857,True,True,
161517,36.087486,-95.80862,Battle Creek Golf Course,1662575902,False,True,Oklahoma
161581,30.266005,-97.751915,Central library,1662665554,True,True,
161671,29.494665,-98.44818,Terrell Heights,1662739404,True,True,
161689,29.685053,-95.13147,Tyler Lane,1662739428,True,True,
161701,29.418436,-98.51176,Casa de Cuentos,1662739601,True,True,
161727,29.442532,-98.400154,Towne Twin,1662739721,True,True,
162137,29.599012,-98.71258,SA Ranch 2.4 NNW Helotes TX,1663082144,True,True,
162303,35.697872,-105.92414,Magee Ln 87501,1663101806,False,True,New Mexico
164335,33.11261,-96.77854,"Squaw Creek Dr, Frisco",1663954259,True,True,
164965,33.073666,-96.89765,The Colony Standridge,1664394475,True,True,
165203,30.023579,-95.45273,Westador,1664487878,True,True,
165295,30.459578,-97.849556,Bella Vista,1664557813,True,True,
165513,35.71391,-105.885445,Hyde Park Estates,1664817885,False,True,New Mexico
165731,30.522022,-97.75721,Thoroughbred,1664908952,True,True,
166141,36.08113,-94.140274,HDX_RootElementarySchool,1665097955,False,True,Arkansas
166399,29.803095,-95.096,AAH Oak Lane,1665504767,True,True,
166413,29.763874,-94.968155,AAH Stoneybrook,1665505018,True,True,
166421,29.82794,-95.283745,AAH Lebate,1665505153,True,True,
166427,29.763205,-95.00236,AAH Glen Haven,1665505274,True,True,
166435,29.74531,-95.2333,AAH 18th,1665505507,True,True,
166441,29.776548,-95.153625,AAH Deming,1665505510,True,True,
166451,29.675089,-95.43187,AAH St. Catherine’s,1665505800,True,True,
166475,33.969128,-96.40198,CNO Durant Community Center,1665586687,False,True,Oklahoma
167655,29.752865,-98.145195,"New Braunfels, TX/River Road",1666125974,True,True,
170139,33.23815,-96.910576,UPE1,1668105980,True,True,
173719,29.775267,-95.693016,Arcadia,1671746938,True,True,
176071,35.631905,-106.04361,Kiche,1678309993,False,True,New Mexico
177863,29.65659,-98.12018,Texas Home_Air,1680107930,True,True,
181037,33.27111,-105.71731,Cody’s house,1683837468,False,True,New Mexico
181061,33.22437,-105.74294,MAS,1683840308,False,True,New Mexico
181097,33.18893,-105.72471,Highway,1683845117,False,True,New Mexico
181145,33.173267,-105.46362,COW CAMP,1684164657,False,True,New Mexico
182041,33.1261,-97.05939,CleanAIRE NC Hickory Creek,1684949806,True,True,
182191,29.635967,-95.179085,AAH Ridgecrest,1685050072,True,True,
183281,30.521292,-97.58313,Hutto,1686079375,True,True,
184011,30.188492,-97.86353,Hibiscus Valley Drive,1686595325,True,True,
184041,30.618843,-97.69658,San Gabriel Heights,1686613575,True,True,
185145,32.38393,-93.721214,South Shreveport,1687451853,False,True,Louisiana
186155,29.536121,-99.71745,7BC,1687987297,True,True,
186263,29.681028,-95.1707,AAH Pasadena,1688080352,True,True,
186271,29.777805,-95.13781,AAH Grand,1688080370,True,True,
186277,29.81704,-95.0665,AAH Clear Lake,1688080385,True,True,
186295,29.67665,-95.215515,AAH Arion,1688080619,True,True,
186303,29.781633,-95.35113,AAH Lee,1688080737,True,True,
186315,29.708698,-95.477104,AAH Chimney Rock,1688080858,True,True,
186327,29.79457,-95.14891,AAH somercotes,1688080973,True,True,
188817,33.633026,-96.64832,East of Hidden Meadows development,1689795297,True,True,
189883,36.1606,-95.98896,ONEOK Field,1690405580,False,True,Oklahoma
191191,35.096928,-106.61598,Lobo Place,1691166457,False,True,New Mexico
191601,35.97382,-105.33384,Mora County Commission - UNM CHANGES,1691532735,False,False,New Mexico
192023,31.839306,-106.5155,5641 Cortina Dr.,1691947370,True,True,
193303,30.47187,-97.58414,Falcon Pointe Soccer Field,1692912316,True,True,
194191,30.209915,-93.662964,Habitat Recovery Project,1693591904,False,True,Louisiana
194469,30.094578,-95.48181,Mossy Oaks,1694013303,True,True,
195187,35.686928,-105.92736,Rodriguez Hill,1694617876,False,True,New Mexico
195474,33.454636,-101.928825,Highland Oaks,1694649352,True,True,
196323,32.960114,-96.6922,Duck Creek Air Quality,1695250553,True,True,
196421,32.977444,-96.77611,Kilmichael Lane - PAII,1695316810,True,True,
196707,36.0825,-95.96178,BreatheBuddy,1695401860,False,True,Oklahoma
196807,35.64395,-101.58625,LAMR HQ,1695421564,True,False,
196811,32.779594,-106.17384,WHSA Admin,1695421567,False,True,New Mexico
196827,35.57926,-101.7033,Alibates Flint Quarries National Monument Visitors Center,1695421576,True,True,
198155,29.760813,-104.55047,Adobes,1696541082,True,True,
204043,34.23154,-95.642166,Antlers Community Center,1701456726,False,True,Oklahoma
204051,35.238937,-94.65427,Spiro Community Center,1701456737,False,True,Oklahoma
204049,34.38737,-94.89719,Battiest Community Center,1701456736,False,True,Oklahoma
204055,34.07173,-95.00791,Wright City Community Center,1701456740,False,True,Oklahoma
204053,34.01616,-95.52812,Hugo Community Center,1701456738,False,True,Oklahoma
204057,34.89776,-96.1,Stuart Public Schools,1701456743,False,True,Oklahoma
204063,34.753628,-95.04932,Talihina Community Center,1701456745,False,True,Oklahoma
204067,34.889416,-95.77546,McAlester Community Center,1701456750,False,True,Oklahoma
204083,35.12332,-95.674355,Crowder Community Center,1701458024,False,True,Oklahoma
204085,34.93284,-95.33757,Wilburton Community Center,1701458024,False,True,Oklahoma
204091,34.53308,-96.21819,Coalgate Community Center,1701458030,False,True,Oklahoma
204093,35.02052,-94.65825,Poteau Community Center,1701458031,False,True,Oklahoma
204099,33.88034,-94.79528,Idabel Community Center,1701458055,False,True,Oklahoma
204105,34.395954,-96.15154,Atoka Community Center,1701458055,False,True,Oklahoma
204497,29.365728,-98.47932,Harvey E. Najim Family YMCA,1701888904,True,True,
204613,29.732443,-94.97432,AAH W Gulf,1701901836,True,True,
204791,30.22148,-97.69634,CAPCOG-Anton,1701971221,True,True,
204789,29.853159,-97.958755,Hays County Health Department,1701971219,True,True,
204793,30.347668,-97.37843,C1613 CAPCOG ELGIN,1701971223,True,False,
209101,30.2371,-97.78774,AISD ANN RICHARDS SCHOOL - CAF &amp; GIRL SCOUTS,1704296265,True,False,
211261,30.2545,-97.72198,AISD Metz ES,1705950671,True,True,
211511,32.730137,-97.12047,Woolf Hall,1706125133,True,True,
211523,33.227592,-97.60712,Trophy Ridge,1706125151,True,True,
213701,29.768635,-95.03154,Wooster,1707925464,True,True,
213765,30.30728,-97.82609,Wild Basin Creative Research Center - St. Edward's University,1708018553,True,True,
213789,30.228407,-97.75423,St. Edward's University (JBWS),1708018587,True,True,
213905,31.4165,-97.4225,MCG5672,1708105378,True,True,
214883,35.751625,-95.37169,Muskogee Indian community Center,1708640327,False,True,Oklahoma
214881,35.960484,-95.63205,Koweta Indian community Center,1708640319,False,True,Oklahoma
214895,35.648308,-95.95781,Okmulgee Indian Community Center,1708640344,False,True,Oklahoma
214915,29.106672,-95.092186,Pointe West Galveston,1708640364,True,True,
215469,30.738123,-97.71929,Shady Oaks Escondido,1709223721,True,True,
217323,30.03465,-95.62582,"Tomball, TX",1710187167,True,True,
217461,26.213018,-97.78273,Rod’s AQI Monitor,1710254245,True,True,
218151,34.02791,-94.720474,Broken Bow Community Center,1710443347,False,True,Oklahoma
220311,25.95848,-97.48182,Ruben Torres Brownsville,1712151530,True,True,
221071,32.920242,-96.22803,Washington,1712669800,True,True,
222065,30.232843,-98.17323,West of Drip on Plant Lady,1713467116,True,True,
222223,30.308128,-97.80189,Wild Basin Ledge,1713809501,True,True,
222417,30.468704,-95.903175,Soul's Rest,1713817528,True,True,
222583,29.829018,-95.27625,AAH Dockal Rd,1713905992,True,True,
222589,29.682943,-95.14033,AAH Salem,1713906002,True,True,
222593,29.698973,-95.11124,AAH Wesley,1713906009,True,True,
222601,29.780289,-95.301636,AAH Hillsboro,1713906761,True,True,
222815,29.70345,-95.053925,5187LAP,1713991437,True,True,
223809,26.19116,-98.37472,Retama Village North V2,1714747157,True,True,
223813,29.798374,-95.407936,Heights,1714747160,True,True,
225127,36.15895,-94.19528,Arvest Ballpark,1715380986,False,True,Arkansas
225623,31.31772,-98.50803,Oaks &amp; Stars,1715883231,True,True,
227139,29.535683,-98.54609,West corner,1717616327,True,True,
227321,34.884674,-95.51798,Jone’s Academy,1717622017,False,True,Oklahoma
227355,34.589294,-95.35449,Clayton Schools,1717622031,False,True,Oklahoma
227445,31.980537,-102.054695,Midland,1717684896,True,True,
227787,36.479156,-94.33789,Bella Vista - Wigtown Ln - 1,1717804049,False,True,Arkansas
228269,31.758595,-106.493195,Southwest University Park,1718144124,True,True,
229853,29.78866,-95.319435,AAH- Clementine,1719326399,True,True,
229861,30.148928,-97.800026,Akins High School,1719333616,True,True,
229895,30.360369,-97.70789,Navarro ECHS,1719333934,True,True,
229903,30.35471,-97.67966,Dobie Middle School,1719333940,True,True,
229907,30.3116,-97.64333,Garcia YMLA,1719333942,True,True,
230941,26.12404,-98.19416,ARISE Las Milpas - Outside,1719953338,True,True,
231047,29.417986,-98.53378,2720 Vera Cruz - Outside,1719955571,True,True,
231093,29.419785,-98.52815,21607,1720020834,True,True,
231133,29.42378,-98.516174,NSF_CIVIC_DT_0201,1720020873,True,True,
231145,29.356503,-98.50378,"56136, SW Military Dr &amp; Pleasanton",1720020884,True,True,
231165,29.356842,-98.50358,"46949, SW Military Dr &amp; Pleasanton",1720049073,True,True,
231647,29.418581,-98.52057,NSF_CIVIC_DT_0101,1720540766,True,True,
232571,30.814083,-97.69081,Field Sensor,1721245676,True,True,
232609,30.818905,-97.69178,OAOB Base,1721245716,True,True,
232657,33.25248,-97.163124,Kings Ridge,1721246236,True,True,
232993,33.017765,-97.00562,Central Park,1721662944,True,True,
233007,33.03821,-97.01968,Sun Valley Aquatic Center,1721662954,True,True,
233009,33.031593,-96.970695,Railroad Park,1721662956,True,True,
233725,35.75808,-106.026955,Las Dos 1,1721852361,False,True,New Mexico
235423,29.73623,-95.31653,Polk St.,1722539100,True,True,
235427,29.803728,-95.307686,AAH Englewood,1722539120,True,True,
235425,29.704206,-95.17937,AAH Camille,1722539111,True,True,
235737,36.384193,-106.50024,CC PurpleAir,1722628198,False,True,New Mexico
236091,35.243324,-96.248604,Wetumka Indian community Center,1722885164,False,True,Oklahoma
236097,35.827175,-96.391266,Bristow Indian community Center,1722885170,False,True,Oklahoma
236123,36.036,-96.011024,Tulsa Indian community Center,1722885199,False,True,Oklahoma
236245,33.358078,-97.69344,Alvord VFD,1722957352,True,True,
236401,30.337454,-97.71158,St. Johns/Northcrest,1722977892,True,True,
237189,36.158348,-98.93187,Seiling,1723228872,False,True,Oklahoma
237195,36.39093,-97.88678,Enid,1723228884,False,True,Oklahoma
237255,35.46477,-97.51843,Village Green,1723228925,False,True,Oklahoma
241905,33.01271,-96.51433,Destiny,1725998467,True,True,
241909,36.36325,-93.797104,Hillspeak (Berry),1726000150,False,True,Arkansas
241945,36.306618,-94.13847,Hyte Household,1726000177,False,True,Arkansas
242357,32.7311,-96.3225,TER5462,1726156879,True,True,
242475,31.763643,-106.3392,Dr Aguilera Sensor D,1726159545,True,True,
242563,35.7508,-94.6698,US EPA CASTNET CHE185_242563,1726170114,False,True,Oklahoma
242593,30.701674,-94.674065,US EPA CASTNET ALC188_242593,1726170137,True,True,
242859,34.880634,-101.66469,US EPA CASTNET PAL190_242859,1726247127,True,True,
243539,32.48889,-96.939575,Dandelion Ln,1726604764,True,True,
243801,30.08833,-99.282814,Cypress Springs Estates 2,1726682047,True,True,
243835,35.41059,-99.05879,NEON D11 OAES,1726682432,False,True,Oklahoma
243843,29.77938,-95.17161,AAH Hollywood,1726682824,True,True,
244811,30.33309,-97.735214,Brentwood-Arroyo Seco,1727194363,True,True,
244939,29.690561,-95.17067,AAH Starkey,1727210512,True,True,
246011,29.819454,-95.36081,AAH Firestation,1727972576,True,True,
247283,29.598433,-95.139366,North Fork,1729014997,True,True,
250205,29.706715,-95.12605,AAH W 6th,1730492152,True,True,
250301,33.597557,-102.04203,MURI Hut Site Lubbock,1730741650,True,False,
252301,30.410666,-97.85269,Alen ATX,1732552494,True,True,
254053,30.288366,-97.709335,Grayson Lane,1733875668,True,True,
255423,30.95862,-94.41352,"Colmesneil TX, outside",1734455246,True,True,
255435,32.943066,-105.81076,52 Via Verde,1734456700,False,True,New Mexico
255463,32.417114,-97.24084,Percifield Trail,1734473389,True,True,
257227,34.00846,-96.0386,Bennington Headstart,1736199185,False,True,Oklahoma
257623,30.734915,-98.31273,SaveBurnet.com - North of the proposed Rock Crushing quarry on FM 3509,1736367525,True,True,
261245,34.826363,-95.84289,Savanna Public Schools,1737736108,False,True,Oklahoma
261297,33.546738,-96.58845,W Bennett,1737767878,True,True,
261707,35.57258,-94.3641,Cedarville Fire Dept.,1738007354,False,True,Arkansas
261797,36.147503,-105.2417,The Ranch,1738022383,False,True,New Mexico
261801,36.127087,-105.23914,Guad I,1738022383,False,True,New Mexico
261830,36.046864,-105.28594,Moss,1738022404,False,True,New Mexico
261829,35.985912,-105.35859,Pool House,1738022404,False,True,New Mexico
261853,35.989758,-105.37349,Cleveland1,1738022410,False,True,New Mexico
262741,30.345123,-97.70931,,1738284346,True,True,
262751,30.333246,-97.70696,,1738284367,True,True,
271747,33.6114,-102.047066,,1743611031,True,True,
273499,29.40191,-98.52151,,1744402387,True,True,
274686,29.583727,-98.63023,,1745249795,True,True,
274690,29.58377,-98.63031,,1745249797,True,True,
275348,29.354755,-98.50518,,1745446177,True,True,
276512,29.60515,-95.58415,,1746035501,True,True,
278621,29.420103,-98.52092,,1747143801,True,True,
278623,29.418432,-98.52042,,1747143803,True,True,
280566,30.264154,-97.69891,,1748360803,True,True,
280910,30.277912,-97.67385,,1748461753,True,True,
288376,30.293024,-97.71422,,1752866810,True,True,
288392,30.32828,-97.720314,,1752866818,True,True,
288400,30.373104,-97.66871,,1752866823,True,True,
292447,32.751617,-97.24887,,1756140753,True,True,
292441,32.64676,-97.13746,,1756140657,True,True,
292455,32.7084,-97.180336,,1756140753,True,True,
293119,32.785805,-97.070114,,1756309419,True,True,
293293,33.027958,-96.77274,,1756388495,True,True,
306286,30.087755,-97.83661,,1771253796,True,True,
307992,30.427029,-97.99271,,1772486058,True,True,
308528,29.515717,-98.562096,,1773968056,True,True,
308558,29.585112,-98.24892,,1773968197,True,True,
308552,29.36823,-98.42865,,1773968162,True,True,
310056,29.886532,-95.34551,,1775751718,True,True,
310082,29.663315,-95.04815,,1775751944,True,True,
310104,30.132767,-95.372635,,1775752107,True,True,
310114,29.907686,-95.31443,,1775752147,True,True,
310144,29.41363,-94.90935,,1775758677,True,True,
310212,29.875622,-95.33842,,1775766517,True,True,
310214,29.690811,-95.26282,,1775766517,True,True,
310224,29.745758,-95.31646,,1775766518,True,True,
310232,29.697638,-95.738266,,1775766520,True,True,
311581,30.361996,-97.70359,,1777913776,True,True,
312223,30.314463,-97.691185,,1778515066,True,True,
313120,30.300991,-97.64643,,1779375906,True,True,
313133,32.945724,-97.07679,,1779376750,True,True,
313531,32.993652,-96.88552,,1779911760,True,True,
313771,32.720352,-97.33485,,1780331165,True,True,
313827,32.92896,-96.66786,,1780335039,True,True,
313837,32.860798,-96.98152,,1780335043,True,True,
316381,27.71941,-97.34191,,1782749451,True,True,
91067,30.390285,-97.80241,,1605813223,True,True,
118923,29.904827,-95.3129,,1628539289,True,True,
122999,30.66651,-97.73457,,1629925544,True,True,
151666,29.366537,-98.61227,,1656461689,True,True,
151858,29.36997,-98.559135,,1656545116,True,True,
151886,29.41881,-98.51516,,1656545392,True,True,
174203,33.576565,-101.87511,,1674512662,True,True,
195307,29.484646,-98.49733,,1694624365,True,True,
223797,29.823118,-95.775604,,1714747151,True,True,
229831,30.2696,-97.70933,,1719252978,True,True,
234405,30.22743,-97.89728,,1722369892,True,True,
242483,31.77637,-106.43088,,1726159552,True,True,
78519,35.683556,-105.92782,,1602094190,False,True,New Mexico
35885,32.61607,-97.7978,,1564182301,True,True,
13215,35.07129,-106.68225,,1531675858,False,True,New Mexico
8716,35.815964,-106.67492,,1521052925,False,True,New Mexico
13209,35.057327,-106.68372,,1531675062,False,True,New Mexico
137688,29.964481,-98.346,,1636757576,True,True,
142700,35.519592,-105.957115,,1641942883,False,True,New Mexico
146962,32.570004,-93.788734,,1650560367,False,True,Louisiana
167221,35.176537,-106.664185,,1665784285,False,True,New Mexico
196311,34.454403,-94.14305,,1695250545,False,True,Arkansas
198945,35.295593,-97.51438,,1697148031,False,True,Oklahoma
204101,34.478157,-94.65679,,1701458055,False,True,Oklahoma
209403,36.082676,-94.18812,,1704384313,False,True,Arkansas
214879,36.01569,-96.09276,,1708640315,False,True,Oklahoma
220421,33.2414,-97.831154,,1712170992,True,True,
230189,30.726149,-97.68349,,1719424451,True,True,
236095,35.34666,-96.45953,,1722885168,False,True,Oklahoma
237257,36.58049,-99.56953,,1723228928,False,True,Oklahoma
242493,34.029064,-95.867355,,1726164126,False,True,Oklahoma
244425,34.801975,-106.688644,,1727109296,False,True,New Mexico
244815,36.22188,-106.20116,,1727194368,False,True,New Mexico
273101,36.50597,-105.71987,,1744230550,False,True,New Mexico
291048,33.544445,-105.57278,,1755037625,False,True,New Mexico
292029,30.530071,-98.3833,,1755828532,True,True,
293297,32.96672,-97.12982,,1756388499,True,True,
306414,31.41647,-97.42248,,1771265556,True,True,
309412,36.08151,-94.14042,,1774705432,False,True,Arkansas
311645,35.779095,-106.27105,,1777993782,False,True,New Mexico
311817,31.130735,-97.695206,,1778019734,True,True,
313021,35.067204,-106.44345,,1779297907,False,True,New Mexico
313769,33.196327,-96.68162,,1780331165,True,True,
314301,35.895866,-94.99038,,1780676915,False,True,Oklahoma
316397,35.518845,-105.94934,,1782749466,False,True,New Mexico
316904,35.540035,-105.88866,,1782916557,False,True,New Mexico
